Country;1980;1981;1982;1983;1984;1985;1986;1987;1988;1989;1990;1991;1992;1993;1994;1995;1996;1997;1998;1999;2000;2001;2002;2003;2004;2005;2006;2007;2008
Afghanistan;1089.15162;1205.305056;1314.364729;1361.564785;1336.619708;1292.744819;1385.42645;1145.54812;1034.829439;1009.873573;953.5146868;948.0595413;872.659964;751.0515319;672.5617679;808.8680781;830.4196796;853.8450877;877.9757655;901.7501247;892.2387735;799.6817856;976.6691586;1055.14511;1081.472262;1174.582145;1193.282161;1321.945588;1323.495832
Albania;5141.289734;5168.872993;5197.293982;5227.633451;5257.394504;5284.909279;5318.490361;5351.961161;5385.848186;5426.464786;5474.941477;3889.965658;3574.867908;3888.645755;4178.035474;4702.960855;5109.568026;4570.583488;5131.295018;5622.988551;6005.083412;6407.074312;6590.533753;6949.816248;7322.045206;7685.262481;8090.42328;8528.395747;9111.710122
Algeria;10201.92333;10191.31167;10506.19576;10721.61215;10969.66345;11049.11881;10736.83655;10388.30226;9894.922552;10117.97855;10112.79638;9748.48761;9692.76153;9279.459073;9005.585945;9168.36559;9374.860054;9321.734892;9646.161427;9809.74442;9885.491284;10202.9068;10634.4256;11251.4123;11574.63194;12077.22937;12088.08762;12289.02726;12314.34698
Andorra;32166.97667;30891.71229;29989.29397;29213.05085;28451.84444;27876.61023;27596.6658;27959.57416;28234.34519;28458.45837;28417.37321;28028.69909;27218.16966;26010.54999;25906.77683;26142.96277;27179.76801;29729.44858;30819.17556;31939.79854;31662.4372;31793.82402;31865.97;34500.26;36329.5;39786.55;42738.4;43441.87;41425.99
Angola;4218.141229;3897.358294;3760.144851;3779.693122;3871.976479;3884.201503;3897.09641;4065.147272;4187.951377;4098.416369;3968.670389;3888.203553;3544.938731;2607.337986;2558.734506;2854.513406;3329.794997;3419.698805;3329.632762;3342.531667;3340.654977;3334.947335;3690.689524;3681.574455;3956.009985;4613.317229;5303.703307;6341.613866;7012.631643
Antigua and Barbuda;8185.316484;8703.470152;8838.109715;9548.132335;10393.03112;11384.10048;12597.12412;14018.14438;15425.39709;16588.69376;17124.49835;17387.93151;17278.07156;17810.18483;18462.05795;17238.12543;17910.11718;18328.49547;18662.71136;18978.09271;18848.52927;18895.86922;19049.16302;19747.45451;20883.52302;21571.41195;24004.48659;25392.81186;25488.83112
Argentina;11020.15763;10253.42244;9791.955268;10053.90546;10122.40754;9277.984636;9823.469154;9946.240695;9626.20841;8823.215352;8539.070326;9332.689585;10129.87984;10601.80863;11107.65339;10673.31877;11149.53034;11935.13655;12267.56055;11721.61808;11504.27872;10874.55993;9574.026065;10318.09642;11135.0719;12039.30165;12912.71124;13873.39737;14645.60287
Armenia;4071.129703;4040.364159;4070.82729;4130.096482;4108.776199;4073.973399;4168.717642;4151.333078;4170.141362;4175.78409;4014.01483;3481.791617;2061.881088;1965.835096;2141.900193;2332.476716;2474.41152;2559.739515;2755.475852;2847.832738;3020.874428;3327.244726;3847.158761;4399.586226;4878.292785;5577.178664;6306.199009;7161.244137;7640.549946
Aruba;14322.88528;15424.95427;16553.39088;17767.90604;19163.60556;20824.74326;22857.44895;26903.22102;32349.62665;36296.33428;37014.38489;38309.57968;38237.56589;38476.57481;39318.19992;38601.87004;38002.96774;40312.45493;42565.41762;42564.06507;43703.48868;42445.48698;40288.40779;39245.56649;41056.83287;40737.11409;40209.28572;40558.41564;38594.39833
Australia;23075.39649;23473.27451;23041.62699;22731.14648;24009.6229;24891.25622;25043.05609;25894.92099;26627.5653;27367.88007;27389.07261;27083.81458;27711.89005;28455.21989;29315.35748;30189.06621;30937.2261;31939.00949;33324.57855;34287.68875;34593.19961;35541.65753;36304.12594;37423.83668;37973.06841;38800.58131;39281.07032;40455.39975;40748.2208
Austria;25701.50568;25624.44185;26078.70208;26887.22653;26972.0938;27556.83593;28170.19664;28603.29523;29428.44939;30559.52084;31558.27731;32294.1359;32653.51754;32460.34654;33162.4348;33712.26358;34537.63684;35133.62544;36355.69563;37480.66104;38650.60078;38877.51639;39144.59693;39535.32274;40398.09693;41185.76314;42476.83608;43875.86345;44316.00098
Azerbaijan;7749.934224;7718.204897;7803.531487;7944.771723;7931.337458;7891.596056;8103.298822;8097.662468;8162.732859;8202.298266;7912.053428;7740.027441;5905.707601;4490.855682;3570.090518;3125.154655;3150.109334;3321.178076;3644.353508;3906.375854;4329.323167;4743.887659;5228.301979;5789.915492;6426.221373;7943.680392;10552.21555;13018.27344;14237.29126
Bahamas;22312.14097;21204.13855;22055.86231;23058.53959;23125.67842;23606.07301;23773.39218;24220.07761;24340.88722;24469.83027;23646.24433;22236.62608;20975.93605;20638.13315;20890.90129;21416.70065;21943.71376;22657.95903;23827.40817;24419.78358;24533.53596;24395.13181;24622.64546;24551.18062;24554.18133;24849.36582;25165.71332;25225.13987;24351.83604
Bahrain;36013.74862;33520.37154;30861.65089;30396.79481;32419.83729;25254.9804;23171.50163;22163.88674;24375.76294;25195.57026;27333.8996;26380.44402;27460.64854;26924.32889;28178.07279;26042.11375;24920.89385;24390.04763;23074.99954;24548.53097;30621.0262;30769.11989;35471.70931;41874.41925;47798.60305;55556.27974;58761.7061;57547.36018;51687.17515
Bangladesh;1035.731391;1040.320615;1025.79512;1050.002679;1081.683348;1090.430174;1115.134588;1139.434956;1150.14069;1156.825406;1210.053519;1227.684555;1269.489807;1307.516971;1339.666255;1383.157548;1423.180534;1473.987422;1523.1237;1567.729066;1629.549628;1682.356035;1721.912826;1775.868887;1850.780372;1921.333906;2021.322895;2124.844021;2227.9172
Barbados;13092.64513;12757.99434;12032.27786;11978.06079;12284.32749;12300.67847;12810.80602;13021.14072;13358.29258;13724.76977;13183.22266;12558.88276;11585.41175;11619.70662;12032.5443;12290.07335;12617.62514;13133.2778;13889.43543;13897.60055;14153.76719;13730.08336;13740.33369;13962.56537;14423.95693;14961.37843;15780.058;16001.69911;16022.19438
Belarus;7121.617015;7206.797648;7403.935693;7659.462612;7769.780184;7855.477291;8196.246503;8322.585273;8524.709602;8704.122491;8531.474049;8387.867158;7537.220854;6927.989472;6101.322972;5458.300401;5608.553867;6250.669177;6782.115598;7020.837845;7439.260823;7801.341759;8203.148243;8772.192182;9783.344451;10703.53457;11818.51769;12872.30532;14454.01998
Belgium;26107.04926;25766.55677;26119.77656;26118.73903;26766.043;27027.2519;27420.67946;28044.18478;29326.8483;30215.04141;31032.60163;31490.33771;31841.42512;31410.69171;32304.22944;32968.61334;33273.07787;34313.51696;34897.93758;36026.57201;37275.36709;37464.44606;37954.73408;38266.78162;39341.82298;39935.66383;40744.90224;41629.86421;41715.50906
Belize;4368.347453;4309.813114;4187.114124;4017.010186;3969.328852;3909.873067;3987.94202;4313.708251;4591.634428;5096.346555;5464.997131;5944.330581;6485.474103;6685.132777;6514.372284;6369.255244;6319.254643;6318.096988;6319.032684;6722.511248;7343.47863;7482.167162;7628.546148;8081.842911;8190.627448;8178.801081;8363.796287;8074.579928;8186.67991
Benin;1309.144381;1345.971503;1449.404187;1346.46154;1410.75308;1471.256639;1457.547031;1390.378079;1387.026949;1313.795577;1321.886916;1340.238726;1351.0796;1336.001598;1325.358762;1334.586954;1363.495718;1398.452841;1419.892471;1443.61841;1483.056894;1512.243375;1557.131805;1572.070037;1575.565171;1576.551826;1586.261509;1610.372538;1641.924201
Bermuda;38484.42019;36156.85018;36677.94717;36633.22811;35360.41556;37480.04431;38615.25081;39904.57943;39800.77202;39539.78327;37899.83058;38266.18567;36480.35965;37997.70313;38027.93475;40482.19714;41458.17698;42858.15906;44113.01319;45433.55206;46609.36393;46429.89314;49167.8853;50396.00175;51968.79368;54161.5556;57029.8651;58543.5991;58948.53941
Bhutan;1073.86433;1164.891926;1162.56875;1227.480069;1271.588721;1307.498184;1445.930972;1834.802609;1885.362315;1983.525799;2188.124433;2215.905362;2338.095834;2442.452574;2639.28711;2845.079858;3015.812486;3145.213224;3261.297855;3426.028921;3587.993236;3739.980621;3997.987241;4182.591847;4354.035732;4535.773145;4735.907997;5472.120191;5623.250055
Bolivia;4383.765914;4341.25782;4080.540494;3833.692455;3807.732624;3717.02899;3535.037605;3559.801181;3620.885289;3644.673069;3745.428243;3855.244902;3828.701256;3897.790074;3993.849256;4090.889234;4180.750226;4299.831154;4433.747916;4366.313267;4388.467563;4382.582602;4412.453826;4460.922975;4561.648594;4677.125494;4799.637572;4916.446333;5114.583695
Bosnia and Herzegovina;5177.977664;5209.508862;5184.911936;5171.07001;5243.359065;5228.297508;5384.381389;5268.739925;5141.925425;5025.29359;4614.200136;4054.638309;3056.578357;2275.120818;2441.59589;2641.126752;4186.0042;5720.451721;6302.131188;6654.90257;6880.769718;7057.77175;7223.811641;7318.345923;7581.820017;7808.325615;8272.785741;8785.831347;9289.310936
Botswana;4288.754527;4515.229415;4671.251234;5213.586417;5594.279176;5805.311403;6045.074272;6369.663183;7143.331664;7820.706432;8035.852243;8174.769608;8164.028416;8068.100085;8106.483096;8242.408423;8500.485629;8875.348839;9228.265567;9665.1855;10374.74653;10821.87015;11294.00096;11691.70843;12031.95693;12375.196;12906.02758;13354.06279;13589.4792
Brazil;10499.5091;9818.605581;9683.660235;9189.817364;9490.034328;10036.42581;10584.73051;10752.81298;10546.53012;10692.13094;9829.788415;9775.938824;9572.713754;9900.386339;10334.90597;10623.70009;10757.0898;10960.62883;10826.43921;10769.15605;11095.7158;11049.52402;11199.22351;11170.57395;11654.13041;11839.38081;12178.79118;12795.39928;13334.52045
Brunei;125113.5441;97242.64249;98170.9904;95919.85328;93841.32532;89892.06986;85022.04957;84294.44571;82821.89169;79641.94693;79540.10148;80448.44862;77354.84473;75614.34788;74906.65763;75172.01274;75875.96581;77029.07295;74754.23962;75210.38686;75539.44046;75810.64021;76933.17277;77370.08701;76032.30862;74665.82814;76666.03985;75642.52683;73187.50684
Bulgaria;10398.98864;10644.43442;10960.5236;10731.53731;11064.19303;10712.31613;10976.87599;10981.39819;10900.30995;10695.41197;9630.05354;8943.465287;8399.616144;8485.938294;8730.24661;9089.542884;8330.771475;7956.841195;8372.985487;8650.801708;9205.097612;9681.66871;10257.62987;10802.19291;11622.93265;12464.90617;13344.67086;14277.77167;15228.80208
Burkina Faso;883.1290694;899.7828486;896.94841;864.5621389;856.1974255;943.1750116;1061.624976;1013.47252;1064.370901;1019.41176;978.0372661;1042.394055;1035.351379;995.5208942;976.6985268;988.8527872;1032.52202;1051.510467;1087.40797;1121.840688;1112.828318;1144.490981;1153.017668;1200.67405;1218.80915;1266.752947;1306.926559;1320.851283;1356.707262
Burundi;828.3408773;881.4741284;858.6455833;864.3161758;843.4351907;921.9743333;938.8708015;954.1081124;964.4973691;956.3369427;967.3386323;991.9984587;969.2694395;940.6324685;897.8952375;778.2370853;710.1844272;710.5959261;726.835471;698.7764957;680.9049922;675.9146418;684.9538801;655.3972567;662.4811494;644.5642628;665.9527863;684.1413388;701.8336025
Cambodia;854.9605548;837.1055709;806.092906;804.8482303;804.5128039;800.9975586;805.7724493;936.3574442;1010.921571;1043.396895;1012.946573;1073.727557;1115.018962;1021.49658;1075.258203;1145.179603;1080.386965;1132.235498;1132.33177;1254.949894;1319.384793;1405.964944;1530.647368;1632.679571;1756.836531;1951.498793;2110.571875;2300.015597;2413.788279
Cameroon;2533.367889;2873.970111;3015.782144;3135.422532;3279.876589;3463.131946;3597.121863;3314.663704;3070.98014;2714.597766;2593.085191;2423.798741;2283.711137;2150.764087;2041.576383;2055.490635;2104.476412;2157.849982;2211.475631;2255.039484;2296.795145;2365.200625;2463.090529;2505.606607;2543.452456;2540.763451;2551.197053;2552.191069;2572.727694
Canada;27145.93147;27643.9237;26480.86275;26979.29866;28253.73639;29506.07704;29976.02939;30791.71537;31874.01816;32067.6988;31671.48022;30635.69044;30463.71608;30749.95012;31852.61675;32344.98418;32466.59856;33484.36082;34504.94798;36028.42773;37524.56112;37665.59803;38542.63334;38896.83566;39719.88016;40565.27077;41220.35779;41634.19308;41606.30059
Cape Verde;1776.176632;1909.651312;1935.524605;2087.50958;2132.391822;2280.200236;2306.965286;2426.529441;2458.930754;2547.684636;2601.597067;2566.640842;2532.154304;2498.131143;2621.849855;2785.717783;2930.735001;3117.595832;3307.29681;3553.170882;3754.042971;3942.915044;4104.663072;4260.737913;4411.526;4638.303174;5032.593534;5389.386043;5643.575579
Cayman Islands;35000.65456;37027.34964;39390.02207;43209.81963;44913.29043;44713.7012;46133.3613;48064.40152;52209.03736;54060.09078;58303.94045;56409.95072;55590.00103;55749.33643;56188.64322;56363.9478;56636.15311;57218.2471;58082.8833;57777.29369;56350.16485;54940.39456;54374.33911;54119.89683;53413.21566;55748.67698;56745.92645;57505.79622;56607.63675
Central African Rep.;1259.386071;1245.327583;1234.94946;1129.948682;1172.857589;1150.892943;1145.143785;1090.542285;1081.373102;1090.449345;1098.71579;1061.322886;965.3751111;939.4059558;973.1260004;1001.583676;907.205162;955.8244432;971.1898254;985.5983916;983.8011882;972.606506;953.4807573;867.1218061;866.1742225;871.2707394;894.9416626;917.8202527;918.3072944
Chad;883.934185;873.0273397;876.442297;974.2129481;984.5416687;1189.933374;1109.978537;1046.124843;1171.211223;1205.835706;1097.444585;1170.854731;1162.2044;1102.477758;1123.974225;1094.01195;1093.043976;1103.87479;1152.034656;1141.582665;1117.136783;1190.916656;1269.979192;1413.766008;1833.731084;1921.145526;1877.139728;1834.694062;1819.515141
Chile;7863.251843;8212.131932;6969.748948;6658.675854;6936.443651;6963.031662;7236.865819;7587.162061;8002.586687;8697.821249;8861.49916;9406.587046;10389.82807;10943.44598;11627.72338;12422.74666;13158.11052;13839.26932;14101.85156;13822.2456;14273.02118;14587.65248;14743.00343;15158.49276;15934.24327;16771.71659;17569.95945;18300.54473;18674.70819
China;1647.66089;1702.674533;1835.369783;1935.710401;2312.197519;2494.83816;2592.58608;2693.418551;2626.650632;2446.469045;2539.729686;2660.733455;2858.067526;3170.303927;3412.651491;3805.931495;3897.178148;4101.285251;4030.106053;4194.441131;4396.861575;4670.302458;5148.056008;5538.593855;6072.403213;6648.210991;7433.467739;8225.493482;8363.484685
Colombia;6348.315184;6413.231663;6374.400799;6387.074943;6480.179215;6572.037922;6840.853502;7107.344176;7315.486856;7458.371839;7685.880244;7713.796848;7892.160405;8182.711678;8441.600217;8716.595283;8729.989212;8867.27566;8757.184496;8234.586479;8334.125841;8317.377743;8342.399664;8531.214499;8813.589131;9140.711736;9636.791775;10179.68571;10416.42665
Comoros;1696.094813;1700.042761;1748.841923;1775.991325;1794.2721;1783.387666;1767.873078;1750.862824;1753.607343;1683.276326;1656.979702;1646.261002;1662.811155;1671.863107;1545.445106;1562.099414;1502.931091;1526.882041;1505.122327;1494.573105;1476.405812;1485.674146;1506.624744;1503.107611;1459.718157;1481.003749;1459.483927;1427.653861;1403.450816
Congo, Dem. Rep.;1657.21864;1658.09159;1606.119665;1584.33608;1627.241073;1588.559895;1615.77952;1610.456076;1570.087639;1497.96089;1349.942673;1201.160533;1032.004454;857.0199446;793.5493053;773.3623453;744.1011784;687.5529589;661.2886011;619.24363;562.6178944;536.0769225;538.800199;553.0724398;572.2716173;599.017868;614.5983453;634.9647187;655.6765766
Congo, Rep.;4122.927614;4853.078301;5822.548619;5970.838533;6218.103291;5972.747362;5407.033205;5268.593803;5216.164271;5165.415689;5077.763768;5061.596829;5057.253806;4876.001165;4485.668389;4538.539808;4602.874941;4446.389351;4484.610471;4251.406972;4456.221967;4514.334665;4612.698299;4544.608832;4596.775357;4825.861389;4992.260936;4778.331054;4922.151711
Costa Rica;7429.381234;7082.414532;6406.54666;6399.65859;6705.20463;6566.650153;6726.548771;6853.530889;6900.460861;7108.330207;7181.916268;7165.042878;7499.331896;7760.36094;7922.572228;7931.354142;7845.381282;8128.245937;8651.181355;9297.926134;9340.47683;9284.799218;9402.074619;9858.716625;10106.24657;10543.39678;11238.15627;11886.265;11968.35317
Cote d'Ivoire;4052.735469;4012.887043;3849.522042;3545.502419;3311.100453;3326.641913;3308.489204;3180.684966;3106.034181;3358.612531;3206.782275;3102.482407;2982.732898;2876.596351;2848.866404;2961.84677;3075.155152;3165.499864;3246.865423;3235.716874;3085.03698;3031.714434;2931.230528;2845.759112;2835.942395;2838.527904;2810.769402;2806.791181;2820.342803
Croatia;19666.12599;19896.0561;19912.9974;19971.66738;20365.54006;20422.69149;21152.85234;20817.78754;20434.43735;20087.32148;18552.20137;14539.47487;12722.97565;11596.0828;12199.90456;13007.90227;13820.97647;14873.3578;15400.80286;15406.98193;15938.24559;16672.77825;17513.17494;18194.18933;18812.22912;19928.32642;20921.18836;21999.66217;22468.24033
Cuba;12723.00465;13699.39826;13904.85524;14164.48904;14529.48462;14652.16731;14541.19414;14315.34792;14442.77269;14346.0707;14183.77532;12423.39602;10628.47562;8873.986679;9004.250418;9265.773883;10029.42851;10322.79428;10413.10692;11067.3002;11621.89425;11915.32013;12049.57784;12352.64902;13070.72173;14076.49677;15759.70113;16898.84735;17597.32663
Cyprus;13786.76008;14029.25901;14746.64717;15330.76717;16459.4757;17029.92246;17473.78203;18502.87703;19823.82693;21119.18367;22216.57009;21790.79092;23218.12536;22811.80916;23636.07616;25513.62795;25575.013;25803.26591;26766.1219;27755.90001;28852.9359;29672.65606;29943.03777;30048.44611;30610.37563;30941.06728;31628.02701;32446.93265;32746.00399
Czech Rep.;18954.73294;18789.57849;19105.37022;19347.00364;19756.03222;19869.30796;20201.92254;20264.83891;20680.479;20820.68107;20214.80465;17862.0037;17763.27136;17768.16638;18160.85435;19249.79772;20049.60831;19939.40618;19828.96957;20134.03031;20901.95801;21439.52016;21862.33427;22659.21096;23682.34051;25198.03956;26886.79778;28329.00029;28942.61699
Denmark;26597.73777;26403.53508;27256.6526;27999.35128;29282.67774;30566.67971;31679.61859;31774.6148;32171.55073;32279.57638;32660.53964;33042.97088;33629.16957;33533.34847;35315.88885;36258.49031;37126.60704;38208.10723;38944.81526;39862.99449;41207.66096;41413.48879;41510.15142;41575.87396;42359.54652;43566.27844;44911.98716;45458.68876;44865.90927
Djibouti;3587.93999;3614.593605;3620.155818;3547.797752;3891.107285;3797.773931;3707.604368;3620.953533;3448.487576;3244.512695;3126.786582;3065.883962;2988.63388;2805.602614;2714.817918;2579.91236;2422.796646;2382.473638;2358.24272;2390.141974;2381.242365;2387.807391;2399.124254;2428.461702;2442.406303;2469.201207;2516.342194;2572.13043;2647.332981
Dominica;3885.926636;4341.657263;4527.757353;4676.319625;4970.101273;5075.189519;5480.992024;5954.3058;6529.509473;6551.721208;6938.72253;6965.467905;7253.058425;7228.875624;7324.426128;7463.969755;7726.476428;7923.594014;8182.004353;8243.241587;8306.003155;8004.454573;7694.556412;7870.425854;8387.519861;8698.365062;9023.981567;9385.971878;10124.59673
Dominican Rep.;4656.521643;4736.872022;4712.153173;4810.673103;4718.734711;4500.783858;4537.147192;4775.973182;4709.077081;5200.702505;4855.485333;4800.251837;5013.7506;5027.366174;5157.793984;5300.778632;5587.498047;5952.341463;6283.762157;6678.710019;7164.481631;7309.27544;7516.486771;7610.380199;7969.158401;8519.811692;9262.851963;9869.663945;10204.16032
Ecuador;9362.364787;9480.496091;9328.763424;8891.940866;9012.123313;9150.138657;9177.387292;8382.133874;9042.268508;8827.821733;8848.362481;9107.063464;9186.398454;9190.885962;9399.540619;9486.893943;9481.01931;9607.657566;9464.827478;8626.301754;7263.066032;7516.37917;7465.611978;7644.011746;8161.304107;8448.374675;8691.623224;8751.408597;9170.923262
Egypt;4598.600046;4569.853207;4772.830726;5058.461254;5316.596026;5550.876015;5668.189102;5783.318141;5893.521709;5938.710398;6023.766663;5977.246178;6137.02243;6215.266578;6363.065658;6556.522327;6777.769101;7039.968933;7210.93936;7532.099236;7811.76471;7959.444206;8017.050757;8138.48109;8332.447067;8561.169809;8995.061709;9471.856704;9979.970675
El Salvador;5903.871244;5482.396064;5226.194938;5207.093788;5245.904322;5280.063663;5240.246793;5279.87807;5282.589251;5246.441101;5314.085378;5372.798791;5667.269566;5923.57032;6167.175948;6429.939117;6423.879069;6573.416426;6693.346901;6791.138084;6811.173964;6799.638497;6824.302665;6822.55432;6821.910492;6889.887732;7135.830545;7373.386032;7430.796342
Equatorial Guinea;1361.910988;1313.435722;1302.077851;1259.227713;1178.920182;1250.45332;1163.673183;1169.99568;1163.943655;1115.905155;1056.958005;1011.746895;1317.81423;1414.154812;1595.077217;1812.945244;2921.776123;7068.632095;8470.567124;10308.79941;11805.71086;18681.69845;21622.95857;23884.81169;31971.11138;34060.25082;33490.63747;36817.81191;40179.79634
Eritrea;1010.15911;1011.592769;992.9745837;1038.063695;981.857351;842.1033773;894.5455053;986.458698;960.6296799;925.4273463;918.3986377;1013.821725;1123.101341;1269.257986;1531.84217;1554.054923;1668.881663;1760.153196;1744.380721;1691.047083;1428.911937;1493.775555;1474.741465;1374.989892;1337.943749;1319.916249;1262.574838;1238.707071;1082.938164
Estonia;11834.78587;11910.33637;12168.70171;12519.29337;12629.61632;12698.5435;13176.38432;13305.75138;13553.78689;13762.77349;13415.44092;12149.57415;10646.97319;9985.55186;9985.743632;10586.78346;11207.94189;12511.62468;13278.53073;13372.30917;14518.99551;15559.30441;16800.50265;17780.20989;19386.5104;21503.81494;23724.88369;25545.61923;24512.0462
Ethiopia;717.7461634;718.7648182;705.5360792;737.5731474;697.6369759;598.3378879;635.5994794;700.906361;682.5541247;657.541887;652.5477939;585.2506274;516.0101918;563.780993;562.3525191;577.7251913;629.7277035;630.4983949;591.4191556;604.453632;623.0471986;655.5788668;646.5615187;614.6512524;678.5030934;737.7655396;795.5219286;862.9580679;930.8271214
Fiji;5905.471475;6129.689645;5616.197854;5260.101743;5581.593426;5241.68516;5596.424626;5205.985382;5250.140819;5630.863314;5741.070396;5853.434448;5967.997685;6040.864113;6264.388641;6344.466385;6580.330399;6376.348031;6405.877084;6916.099382;6748.550926;6835.365799;7007.840063;7033.493001;7360.420055;7365.74644;7436.52061;7310.197791;7325.491667
Finland;22569.51524;22892.13435;23503.38396;23995.10648;24587.44137;25311.37288;25829.72265;26810.61362;28040.5867;29535.66272;29397.40993;27369.54841;26184.32632;25737.47466;26638.81364;27456.28625;28410.40275;30086.24448;31709.98714;32865.22578;34458.95007;35287.78572;35768.50399;36333.39819;37603.32479;38640.18324;40181.27924;42137.14528;42055.90332
France;24039.13529;24254.13912;24814.20575;25241.35294;25541.05828;25953.20811;26479.98525;26981.57101;28110.97085;28941.79887;29466.27711;29697.28049;30022.55743;29709.45444;30293.13005;30813.14146;31130.34802;31745.47631;32753.46309;33695.68386;34762.63666;35185.19293;35321.10619;35359.2701;36078.10048;36383.02118;36988.47479;37628.5622;37492.06013
Gabon;16744.89387;16567.6922;14769.48038;15818.35332;15105.31242;13508.49737;10555.28293;9437.969214;8628.756688;11299.31075;10937.50473;11413.80266;10546.3768;10150.98274;10602.48086;10584.85241;11464.9571;9352.137249;7908.919299;8568.731014;10369.79732;9583.058225;9271.41472;9956.231549;11109.59643;14888.2856;14771.36804;14723.88542;17360.72901
Gambia;1667.426703;1600.772981;1747.065362;1486.856182;1398.232303;1236.646976;1257.417113;1278.530417;1362.542621;1404.234323;1408.585726;1385.207071;1391.332835;1420.084045;1418.606252;1319.27578;1350.038767;1366.470692;1366.278751;1405.696276;1436.326996;1471.473256;1380.80037;1428.784035;1486.042551;1517.533942;1491.368373;1502.692494;1545.408539
Georgia;8144.479624;8508.987978;8612.181467;8909.942776;9312.239695;9683.023218;8801.956409;8821.682593;9230.036469;8527.896802;7278.991247;5793.519205;3240.52955;2335.473095;2135.11048;2231.402096;2520.848278;2824.277066;2946.946593;3065.927461;3158.186253;3348.433806;3571.662416;4009.895751;4288.811167;4746.305578;5097.566322;5735.096677;5884.681953
Germany;27692.65301;27760.47746;27546.69575;28114.15623;29005.57545;29705.20551;30351.21991;30807.12355;31707.20464;32488.11888;31253.43836;32667.45663;33140.38705;32657.95384;33409.63279;33941.41718;34179.61527;34745.28742;35373.84595;36062.85056;37168.42104;37586.68146;37554.67713;37451.06809;37835.82571;38130.07672;39661.07434;41056.49353;41457.51103
Ghana;2080.396235;1949.982634;1755.878377;1617.959121;1698.260899;1727.734534;1764.343566;1797.863715;1848.596555;1891.098975;1901.109403;1945.918577;1964.635123;2002.40832;2011.742374;2038.257582;2079.059167;2114.652412;2162.335355;2205.663325;2244.479704;2290.571007;2342.841255;2405.844925;2473.542347;2563.688322;2616.215389;2718.765737;2878.055815
Greece;17344.11309;17223.8132;17215.8921;17215.06879;17630.95633;18141.25274;18410.03267;18309.05494;19136.16557;19805.41571;19645.87785;20044.3415;20068.02061;19665.9578;19998.22344;20393.56331;20861.2232;21604.14581;22321.21817;23087.02738;24103.55257;25164.86466;26133.52364;27434.47474;28664.17995;29751.70173;31325.15715;32359.90901;31776.10844
Greenland;17510.22636;17483.50817;16524.27878;16872.60494;15786.0923;16161.17072;17111.93232;17865.85204;18692.33822;19786.81196;17371.44489;17294.81397;16390.77551;15569.16704;16499.81486;17117.49338;17372.16943;17613.47304;18955.49744;19182.05402;20498.57046;20698.64339;20426.19612;20277.63412;21086.45117;21845.59039;23031.1938;23858.22489;24412.64305
Grenada;5028.420962;5023.64348;5037.003392;4964.20312;5096.354818;5332.429874;5842.809217;6435.934071;6680.495029;7160.39536;7596.327559;7879.91802;7933.232422;7776.487944;7974.876733;8168.145195;8364.994372;8702.110184;9840.969363;10585.28857;11258.10856;10822.52483;10881.62152;11527.4197;10765.38856;11873.33371;11365.74776;12023.10074;12095.5654
Guatemala;6919.007785;6801.922824;6369.819977;6062.569812;5930.695834;5731.519537;5577.62016;5611.322564;5662.163805;5714.906963;5720.268225;5759.557296;5866.307066;5924.01633;5988.271396;6107.749794;6114.312073;6189.869913;6329.714209;6396.20542;6454.688633;6437.927856;6419.838684;6396.540877;6419.527824;6470.91425;6652.076237;6899.328195;6952.844235
Guinea;1101.212293;1084.201405;1080.496387;1069.695829;1050.164961;1017.987363;1009.910189;1015.360492;1048.55551;1063.336753;1051.791762;1005.154942;1001.213484;1020.40994;1027.523175;1040.474996;1056.731791;1095.872778;1130.891339;1146.906001;1142.72538;1178.192446;1191.833443;1177.701321;1181.609793;1192.358303;1197.312321;1192.610148;1223.74515
Guinea-Bissau;1660.706545;1917.613493;1987.258208;1784.429041;1815.028989;1871.160451;1814.406297;1746.099134;1773.495435;1740.553556;1755.43488;1801.220577;1767.733994;1749.280598;1753.510653;1787.854037;1831.997396;1888.954458;1325.900593;1400.603856;1498.701949;1468.758805;1365.041415;1330.043995;1332.744593;1349.143999;1350.518798;1365.678622;1381.005453
Guyana;3723.82116;3772.331751;3275.598317;3059.856131;2917.012411;3001.954187;2993.867755;3043.655879;2953.582213;2824.809207;2748.886085;2914.696722;3135.690344;3380.233048;3655.223258;3829.575145;4131.14859;4394.797732;4329.431034;4466.381138;4407.974197;4503.964491;4543.529951;4488.302198;4628.295218;4535.176398;4751.511948;5069.872134;5149.480363
Haiti;2928.16138;2803.747938;2661.209904;2631.175894;2586.517944;2538.670412;2482.737829;2412.254276;2379.899839;2355.196972;2306.359306;2271.170179;1927.020315;1850.47005;1667.177627;1719.860264;1759.131229;1775.402154;1782.18749;1797.255129;1779.055029;1725.181946;1680.97441;1653.95952;1561.731501;1554.785466;1563.982792;1589.862562;1577.063383
Honduras;4058.354987;3998.433588;3796.826405;3645.832212;3660.174452;3689.056791;3591.176337;3676.826679;3737.726435;3761.242015;3654.786001;3647.680295;3748.096095;3897.544272;3712.29137;3738.607584;3763.930294;3843.887931;3853.628954;3683.680682;3762.715578;3762.668807;3770.029929;3806.750106;3903.361148;3972.256639;4146.652688;4313.319343;4404.022708
Hong Kong, China;15501.34613;16533.67024;16726.411;17411.08283;18959.24719;18837.54623;20603.4302;23019.19766;24671.05656;25154.6702;25888.4233;27043.62155;28440.29912;29711.34747;30654.4394;31036.98852;31531.74269;32598.80803;30748.74369;31535.51592;34430.77237;34308.65513;34702.60942;35566.97349;38370.1414;40987.40384;43447.34745;46028.78789;46836.1189
Hungary;15785.07685;15895.4597;16477.80709;16333.12733;16794.18666;16411.09411;16768.28298;17056.34236;17598.54106;17278.00538;16166.42434;14252.71018;13837.41305;13783.89651;14212.5551;14447.84709;14670.31051;15383.47046;16180.21516;16909.16266;17852.0885;18631.1491;19495.91015;20365.72439;21396.73338;22346.056;23261.98606;23316.56427;23538.973
Iceland;26390.19581;27197.78714;27372.11497;26466.70101;27308.86179;28021.5539;29534.29526;31669.8551;31095.83988;30957.31678;31022.50265;30975.14761;29577.43008;29443.88053;30515.11527;30396.25066;31792.24678;33008.36278;34414.75055;35339.60418;36573.65063;37442.37067;36657.37581;37567.60438;40322.70925;41911.68486;42775.46835;44510.38623;44607.71722
India;1275.377139;1327.382409;1339.27527;1417.199244;1440.031163;1465.859079;1496.509468;1528.31986;1652.491041;1725.930662;1778.734803;1770.725886;1828.491056;1901.656299;2002.788551;2111.062842;2235.346337;2300.288949;2406.255752;2507.267449;2570.923576;2672.213611;2719.322279;2900.766378;3096.169698;3292.926516;3556.600323;3828.410133;4043.010574
Indonesia;3125.675904;3244.734733;3060.650653;3094.107166;3247.07932;3268.475931;3410.851151;3527.724417;3676.279955;3946.252381;4232.596857;4391.907348;4808.551412;5083.363495;5395.991346;5754.012977;6107.324563;6293.998659;5359.937796;5300.629377;5478.042592;5624.494637;5798.800147;6021.5531;6246.491679;6525.361249;6787.521361;7116.699822;7438.595148
Iran;9228.946453;8608.684884;9497.339264;10308.17361;9949.840503;9728.189699;8501.652888;8184.777854;7547.176097;7641.922773;8286.203967;8990.135746;9402.026413;9099.96477;9151.355167;9292.084577;9708.622961;9915.872937;10044.89798;10261.58895;10430.89427;10561.61349;11252.37031;11995.80027;12460.90374;12964.13096;13595.7836;14549.67416;14626.49206
Iraq;18069.44925;14673.25665;13819.39235;11758.75908;11646.96344;11708.84585;12099.39083;14250.79621;14421.86118;12643.78981;12319.29379;4009.471922;4831.679977;7004.212328;6246.377558;4887.463736;7030.792138;8382.983585;10944.94049;12911.07749;12750.14283;12701.6832;11276.08079;7125.200917;10993.60324;11050.7259;11739.31788;11614.51076;12046.7967
Ireland;15501.24309;15819.53841;16010.41952;15862.42905;16435.6248;16890.08201;16815.41537;17602.21552;18575.05868;19746.66554;21448.96559;21723.08576;22279.03333;22747.27358;23941.54463;26114.89913;28097.70331;31114.01655;33150.86066;36157.40056;39115.25363;41027.74876;43237.75242;44651.30212;46063.10649;48288.87509;49706.93544;50701.85347;48423.25844
Israel;16606.37007;17170.40051;17220.20231;17515.60348;17327.26602;17618.50876;18183.9389;19187.34996;19259.78812;19104.75546;19604.96045;19881.43065;20287.05212;20852.66238;21728.18591;22537.12624;23160.43238;23350.55348;23762.31492;23942.24531;25475.93965;24826.88636;24191.82197;24118.23265;24843.55186;25615.35506;26574.37595;27913.44451;28643.17629
Italy;21940.70613;22158.62499;22395.17877;22638.88177;23740.1914;24482.64498;25024.89057;26010.57516;27482.07845;28663.79684;29198.63021;29461.31679;29811.03576;29557.22202;30430.6984;32068.04444;32362.23857;33415.0951;34410.39677;35383.84173;36780.90115;37619.51006;37874.59913;37700.64282;37765.55198;37579.24903;38216.45478;38610.19304;37851.37973
Jamaica;7324.142668;7420.473357;7388.506004;7532.992506;7447.944066;7086.879209;7190.220923;7733.315633;7943.838167;8460.114183;8884.327747;8870.804957;9016.292044;9068.105334;9129.121217;9161.869334;8908.332112;8671.710308;8538.208985;8436.585244;8442.926418;8508.410453;8516.891681;8635.330379;8637.031779;8683.978066;8883.481672;8967.377583;8856.904823
Japan;19809.52327;20476.31372;21008.17788;21497.22048;22312.53556;23593.25932;24147.95724;25042.1192;26740.96791;28084.8938;29548.45427;30436.13848;30609.34142;30586.11688;30746.4266;31224.18923;31957.12417;32382.06982;31653.32874;31530.36879;32186.25558;32229.78882;32248.03698;32721.35999;33482.5501;33915.55118;34494.2984;35246.4083;34897.48923
Jordan;8691.427236;8735.107794;9007.668082;8839.187181;9247.532519;9223.874702;9704.262474;9629.47046;9215.352482;7960.14099;7357.572725;6762.68241;7427.918013;7628.297105;7815.78356;8078.468474;7941.23977;7890.672198;7845.720589;7849.54878;7932.184197;8101.60697;8322.584962;8429.369616;8908.306401;9294.655262;9819.046848;10393.53871;10903.28899
Kazakhstan;12889.71777;12786.2878;12876.6277;13057.95464;12984.43154;12868.38779;13161.45573;13100.399;13153.55718;13165.15484;12649.18094;11185.04698;10568.34718;9648.810767;8573.490943;8020.982325;8154.761396;8406.709261;8375.399561;8694.181645;9579.540953;10858.25281;11902.61332;12983.4151;14156.9562;15529.63949;17028.06051;18329.67689;18704.08908
Kenya;2299.528692;2296.815631;2292.321647;2236.941988;2192.332695;2202.629488;2275.690744;2325.314879;2383.750261;2410.727981;2428.510355;2382.135602;2287.535438;2224.342283;2214.577697;2246.137301;2275.689502;2222.464492;2238.903779;2228.560035;2182.927686;2221.96831;2176.873147;2181.973277;2234.061783;2305.528454;2389.226294;2491.909588;2466.139948
Kiribati;1780.231806;1674.405545;1796.708801;1577.976169;1653.921941;1533.548535;1512.075214;1422.487586;1633.806242;1455.101741;1453.194013;1365.406034;1387.93534;1417.625695;1468.263279;1434.371122;1499.854159;1558.988085;1702.230228;1676.306492;1804.379009;1785.303588;1763.428142;1801.491753;1825.938075;1791.891879;1683.481873;1781.957975;1803.407433
Korea, Dem. Rep.;1894;2079;2186;2143;2210;2125;2109;2144;2199;2258;2076;1973;1745;1619;1605;1442;1393;1230;1267;1377;1287;1368;1375;1405;1410;1464;1461;1392;1427.320133
Korea, Rep.;4940.128375;5201.121415;5525.928744;6123.756462;6659.654071;7018.50215;8049.808688;9154.21286;10295.93317;11067.24173;12155.10147;13385.57927;14255.0638;15368.92581;16917.36141;18582.27062;19540.35216;20366.57368;19465.0115;21078.86965;22308.26718;23060.29875;24825.30563;25589.50754;26636.14886;27372.047;28285.33691;29554.3558;29082.93415
Kosovo;;;;;;;;;;;15938.28232;11316.75116;7937.629539;5621.738962;5348.967694;5594.570313;5966.629866;6354.117336;5802.341378;4506.964285;4812.945948;6154.618131;6375.853639;6108.878164;6142.724873;6422.820229;6618.339762;6954.911735;7316.720679
Kuwait;115479.6013;91386.12154;72396.99321;69728.9391;68119.03477;62298.47753;45953.33547;51475.6619;43815.97804;49818.01248;40345.92563;20237.14358;54758.50002;74929.33951;81266.74567;88461.53564;89046.18797;88417.70642;87067.58351;80986.30204;80881.81074;78412.15291;78097.85533;88675.20494;94636.21771;99642.13711;101767.2331;102060.7986;98890.33743
Kyrgyzstan;3571.994287;3564.861979;3557.743913;3550.640059;3543.55039;3536.474877;3529.413492;3522.366206;3515.332993;3508.313822;3501.308667;3176.718379;2709.85475;2292.491804;1833.341491;1716.726798;1812.236304;1963.763253;1976.850662;2021.496388;2106.728743;2195.630451;2170.024464;2287.743579;2417.947666;2382.755669;2429.281847;2616.073511;2782.915972
Laos;1738.539621;1768.638585;1783.700952;1794.87161;1807.67067;1822.705268;1826.887664;1830.989393;1835.468257;1839.760313;1843.833071;1847.198614;1891.303008;2024.693201;2090.709665;2141.703558;2137.782499;2193.665956;2203.522582;2315.76748;2387.798522;2461.845952;2542.126243;2624.086838;2724.549254;2848.207665;3047.684542;3236.932026;3436.417954
Latvia;11127.42781;11530.30848;11732.52888;12268.64271;12899.85361;12772.96833;13298.25806;13527.09157;14131.25109;14845.65479;13734.44004;12043.7906;8268.682606;7996.410914;8293.392472;8322.831926;8721.569971;9602.000799;10222.37836;10792.29891;11626.02901;12630.391;13568.68556;14624.25736;15979.56732;17767.24064;19942.73643;22045.67555;21489.26117
Lebanon;4496.178708;4490.652609;2822.973863;3384.797124;4864.1628;6034.886486;5648.082115;6560.227451;4708.65125;2701.557559;3518.675324;5000.631907;4288.602185;4414.191378;4625.194173;4850.510922;4941.302534;5423.719522;6111.518994;6491.166781;6832.196783;7590.06218;8516.675275;9361.472787;10899.89318;12039.16475;11921.11724;12744.75707;13736.44811
Lesotho;1149.814377;1130.468428;1140.404709;1129.844936;1153.17952;1165.194831;1198.557587;1178.131558;1260.529753;1309.219916;1364.487302;1373.771262;1449.878388;1473.036273;1520.490056;1522.760783;1581.67904;1607.032184;1609.901795;1629.192156;1687.154127;1736.311391;1727.078916;1791.421216;1816.368319;1848.530566;1909.841064;1980.709731;2066.685957
Liberia;1956.26478;1817.417802;1785.956354;1670.21325;1619.989056;1564.273699;1538.976584;1572.735744;1634.087742;1703.426144;846.7671217;738.7259941;488.2175203;331.0270432;257.8031184;240.3630688;256.142007;493.293567;594.2329871;684.6975546;797.5910563;794.8432984;808.4433267;550.23557;554.4456547;567.3543175;618.6578988;640.2942969;657.5573366
Libya;60525.78489;46265.5241;44852.07243;41015.42622;36050.31858;36470.72371;31120.15483;25455.83333;24273.18795;24889.38125;27400.36728;30965.16775;29451.76866;27729.02272;27679.73085;23772.61466;23945.88447;23380.05758;22897.10276;22624.96007;23084.75461;21745.55487;21134.46458;23519.82334;24178.42506;26156.72587;27251.70028;28409.0299;29013.40333
Lithuania;15438.88988;15454.4196;15705.28875;16071.42939;16126.41576;16127.78086;16645.23626;16718.83926;16939.49186;17108.76636;16587.87262;15611.51972;12292.43526;10332.54191;9343.680512;9845.764232;10323.29935;11057.81914;11875.4234;11682.20114;12151.31526;12959.63968;13888.5714;15291.05627;16463.25125;17769.66796;19271.27117;21275.13864;22008.84809
Luxembourg;34892.10851;34640.33055;34965.4211;35996.55103;38229.28737;39300.25707;43071.41265;44573.01069;48259.2145;52601.83292;54836.98072;59076.05248;59210.13615;60761.1663;62347.46465;62194.11906;63279.2078;67950.11067;72038.33714;76635.9671;82543.04246;82554.25336;83184.63611;84330.38498;86880.75282;90406.63704;93422.65502;97961.7575;95551.95474
Macao, China;26183.87339;27255.39821;27285.45691;28772.08402;29882.34472;28767.91625;29354.44638;32181.31278;33303.46595;33721.88984;35267.86274;35599.15304;39435.09664;40704.48582;41723.47313;42422.06931;41622.64141;40937.7644;38553.0611;37144.96962;38738.75667;39279.03719;42598.27136;47910.63115;60675.55443;64108.70031;71594.57567;79875.47692;80505.10184
Macedonia, FYR;10079.80048;10197.65031;10206.33351;10236.4046;10438.28259;10467.57534;10841.8166;10670.08037;10473.59564;10295.68268;9508.862519;9471.898228;8797.905435;8097.936566;7917.306994;7790.532239;7842.837099;7916.456165;8144.658451;8461.342116;8812.548084;8385.195721;8433.887359;8650.852892;8986.40044;9339.843862;9790.221171;10367.13812;10867.20572
Madagascar;2132.480702;1895.211654;1809.331122;1773.460427;1660.985208;1650.970238;1615.767141;1604.583099;1583.63994;1600.569521;1615.130838;1470.201608;1445.205819;1432.967801;1391.312042;1373.635691;1361.020625;1369.686922;1380.801972;1402.799171;1426.336927;1466.783843;1242.398672;1323.522821;1352.03889;1372.053442;1402.1254;1449.945443;1512.436465
Malawi;731.5542798;635.2523941;628.8946252;638.4931386;641.9745346;644.3662087;623.7588724;582.0736419;567.1470679;561.8516591;567.9711659;599.3202518;546.2771869;602.6248835;530.0320645;571.3516725;614.9639393;622.9138296;619.9838777;609.8787181;602.5814187;557.6759726;558.8941698;523.9339782;590.8641733;593.5325913;603.6825738;642.5597294;675.4637266
Malaysia;7019.523203;7339.915716;7589.917809;7862.09018;8268.649591;7979.319412;7879.408677;8098.107341;8603.848456;9195.056966;9850.778869;10548.29321;11226.57802;12055.52479;12869.25362;13823.70179;14877.6208;15630.56659;14178.42425;14736.82067;15674.6604;15417.24029;15744.82098;16347.43367;17153.05734;17686.93128;18427.88445;19333.18575;20006.43079
Maldives;1810.221297;1965.084869;1851.174766;2089.268705;2573.19777;2817.89035;2984.439367;3144.834155;3309.381253;3501.053874;3944.235313;4118.557656;4248.594422;4384.638389;4553.768973;4759.332879;5064.575881;5533.364224;5934.696403;6283.588675;6449.534159;6552.298071;6844.621517;7363.202314;8071.014974;7545.585551;8865.821744;9612.009154;10620.59632
Mali;1040.084499;989.126634;917.1416246;941.6670087;966.5023473;971.3539525;1014.71357;1015.320282;995.0382448;1075.668898;1062.890186;1032.460563;1096.7078;1048.556074;1053.429098;1102.869379;1124.532109;1172.754042;1201.93239;1252.678374;1268.426612;1387.672804;1411.905547;1476.165404;1473.803199;1524.082546;1555.018406;1572.348084;1600.492138
Malta;11498.332;11874.01448;12229.63209;12316.02607;12652.735;13232.07497;13607.71619;14025.796;15077.096;16173.20636;17043.0443;17954.77316;18623.11547;19268.62587;20176.05681;21192.37471;21921.96158;22794.26159;23467.23713;24214.65923;25608.18003;25003.55392;25464.99835;25217.28395;25100.2178;25777.17039;26289.60028;27172.22506;28056.22879
Marshall Islands;2138.580345;2182.683074;2151.932221;2391.425465;2343.608814;2177.625505;2542.418735;2744.421756;2872.985011;2786.414878;2960.273547;2890.699018;3040.608278;3180.088798;3332.056204;3574.416499;3182.629629;2960.210749;2863.551518;2786.642788;2945.986361;3102.622727;3185.188184;3193.421303;3194.164668;3278.922359;3338.983044;3436.450416;3363.982003
Mauritania;2261.500017;2295.239024;2196.547733;2249.141874;2035.433976;2040.843077;2100.143695;2108.240026;2128.257884;2148.288312;2066.501132;2061.174867;2018.913231;2047.106803;2071.57492;2109.114053;2181.332459;2199.492895;2217.293344;2240.530437;2285.070701;2316.316958;2341.688118;2401.67027;2454.205061;2507.755287;2721.740973;2678.533072;2702.892816
Mauritius;4205.647891;4382.533309;4563.6238;4534.744878;4701.661824;4982.302884;5427.378823;5919.269971;6264.039433;6476.589389;6865.066452;7228.543279;7496.558711;7917.300752;8188.222662;8394.487983;8747.060942;9188.660153;9657.200707;10084.6946;10259.32256;10891.18856;11163.70727;11835.47959;12289.77161;12565.92339;13034.0905;13667.15139;14375.77325
Mexico;12666.05738;13441.62281;13062.34317;12317.54963;12472.61977;12483.1593;11842.17786;11807.92145;11726.51408;11980.67726;12372.26194;12660.7521;12873.75246;12887.48807;13228.75578;12169.93789;12605.08155;13274.5639;13738.65604;14078.46033;14806.54482;14627.91574;14599.86376;14648.47431;15111.21753;15380.73753;15955.23227;16206.32446;16133.61088
Micronesia, Fed. Sts.;2425.625243;2573.36711;2424.419602;2397.400445;2233.774939;2532.850164;2667.04973;2659.041704;2758.309659;2715.782389;2763.054473;2894.099102;2932.566084;3094.254093;3016.193439;3184.846248;3063.36187;2873.196671;2965.500251;3018.47084;3167.315915;3230.473175;3255.533831;3320.157914;3220.140125;3301.391413;3311.964567;3261.927515;3196.6538
Moldova;6357.844256;6366.885904;6472.929036;6626.58811;6652.025069;6655.354465;6871.745924;6905.001931;6999.042212;7071.922327;6859.461622;5621.004313;3972.507473;3914.591694;2702.871945;2667.190848;2514.933608;2560.211813;2397.010047;2317.490217;2366.897695;2510.759376;2704.781614;2871.973817;3079.654888;3303.960518;3472.169546;3585.067722;3873.789278
Monaco;35965.1839;36118.31303;36800.60771;37030.94016;37368.19736;37798.09306;38507.19761;39248.49494;40828.2474;42296.66867;43172.82584;43365.23877;43703.35185;43063.4634;43791.31618;44514.04449;44835.61547;45690.3886;47143.9718;48522.8533;50200.09397;50854.84592;51060.49156;51274.80075;52196.11151;52760.9127;54635.9127;60929.56349;59857.14286
Mongolia;1948.555531;1724.643674;1998.726411;2240.300278;2496.020204;2434.143874;2554.858264;2706.966245;2788.087812;2713.361237;3836.361642;2740.773143;2560.627273;2082.28058;2228.757309;2882.91442;2647.259189;2729.676026;2562.254277;2631.268211;2892.156833;3115.185585;3328.026024;3601.660822;4164.656325;4829.337077;5840.350769;6385.241377;6354.646175
Montenegro;15446.87949;15627.47951;15640.78616;15686.86886;15996.23857;16041.12852;16614.63784;16351.45913;16050.35437;15777.71008;14571.94056;12885.92697;9760.469871;6123.055688;6129.732984;6894.983499;8632.143678;9011.048009;9250.564645;8380.444233;8620.922222;8796.708097;9138.68326;9605.715193;10278.40276;10916.75843;11837.28862;12821.28313;13671.668
Morocco;3414.379353;3259.946748;3511.723872;3400.246198;3450.114553;3571.934389;3754.689611;3579.845859;3851.164447;3846.606662;3900.864449;4119.14511;3929.818404;3825.450615;4196.645287;3870.18553;4325.381643;4177.177886;4448.265178;4413.677348;4429.572189;4710.234364;4814.749859;5067.257227;5258.791072;5363.42929;5725.244827;5825.403188;6091.351322
Mozambique;472.2242231;470.7012694;449.6884081;411.3911189;395.5823324;356.1017787;359.161446;379.3130052;412.9805731;431.1225714;431.2266112;443.0973734;399.7641181;418.5359927;417.1036832;408.4929199;424.1160505;459.548485;505.2519549;531.0161351;528.1017134;584.8791715;616.4509066;653.5729249;691.1709116;722.869398;770.2262119;810.1118916;848.4810329
Myanmar;1870.545531;1940.677621;2007.938263;2055.006595;2114.643105;2134.531552;2074.757733;1958.379758;1710.140845;1749.252196;1774.631959;1740.973903;1783.708732;1808.691065;1839.372131;1867.887666;1894.810645;1918.920751;1943.788948;1997.677238;2069.212572;2129.375008;2195.673575;2275.504584;2350.596236;2338.843255;2592.558614;2846.230357;2890.550732
Namibia;6769.528839;6874.017077;6808.516579;6428.02964;6156.240612;6004.388863;6008.877043;6000.531598;5887.560324;6041.979544;5640.967397;5797.691726;6180.538972;5892.027558;6122.282086;6210.716488;6232.671744;6334.845825;6399.072034;6481.780242;6535.242441;6535.661852;6615.563266;6773.72656;7147.146;7386.681566;7770.140341;8042.893396;8164.72902
Nauru;49872.94671;47772.74204;45693.31706;43637.41031;41603.20237;39605.30733;37651.39071;35760.59767;33951.1904;32243.31309;30647.28192;24303.366;19946.40686;16430.29479;15564.47532;14177.4201;12417.59157;10987.83812;9952.206952;9307.781848;8671.3444;8076.224233;7257.204089;7260.561671;6936.287588;6097.003367;4897.148728;4925.18002;9656.753607
Nepal;1117.965574;1089.938792;1194.578336;1130.592063;1208.951464;1251.476804;1272.403176;1289.794577;1356.613592;1353.201374;1417.924987;1470.656834;1492.847093;1511.646696;1595.534885;1610.602616;1655.409745;1681.006509;1671.657183;1686.210193;1754.005182;1804.422212;1758.022072;1771.717119;1794.761361;1797.588455;1792.43282;1818.296622;1893.819742
Netherlands;24039.86334;23860.09888;23543.67995;23985.36568;24744.34606;25409.86813;26175.3495;26613.26925;27470.73413;28644.75655;29785.93803;30406.02027;30848.0031;31188.7897;32066.20683;33051.19253;34214.6636;35656.64331;37015.83297;38688.61502;40095.68275;40750.82477;40728.46444;40857.57324;41819.52468;42558.82479;43918.98903;45567.16647;46584.66046
New Zealand;21395.5726;22326.4128;22565.69033;22933.1534;23820.4777;23865.01453;24289.73356;24325.11398;24155.49262;24295.3289;24102.95035;23523.44761;23501.10363;24747.44246;25744.44345;26442.24191;26957.47097;26939.999;26716.92608;27757.26831;28021.08721;28701.20735;29677.95465;30367.35109;31149.25046;31423.83531;31991.84601;32769.72095;32200.06902
Nicaragua;4971.895269;5065.115606;4889.751229;5003.653725;4787.59921;4488.754267;4298.813394;4165.020117;3607.388002;3462.12242;3318.885242;3148.350845;3057.771774;2955.541703;2985.877162;3034.574606;3095.350388;3174.538477;3229.266241;3774.078017;3509.563896;3538.347596;3486.671208;3501.051634;3606.976782;3678.932682;3824.173678;3986.192863;4091.876572
Niger;1210.889236;1194.672587;1150.474185;1100.643065;891.0833109;883.3976692;899.9743666;845.1612797;869.3071715;847.5570023;810.1244729;808.0504526;734.9889553;724.7010077;732.563266;730.308752;733.857641;733.8792107;788.3064903;761.76887;729.9406878;759.5761239;760.1449609;771.5796176;743.3551163;775.2264653;792.0124685;769.2240545;814.1842501
Nigeria;4069.560209;3441.432995;3318.823091;3073.546241;2937.43282;3102.680962;2759.411063;2399.869178;2514.991291;2610.028155;2870.254645;2783.078523;2728.066878;2719.089501;2679.450747;2609.00413;2675.960578;2687.694466;2697.16265;2647.108682;2722.426609;2860.717574;3387.780508;3643.671746;3927.163868;4080.469901;4220.44861;4382.216456;4542.187442
Norway;33148.5866;33417.42876;33427.97804;34576.33396;36585.12342;38446.19636;39770.26486;40475.07212;40317.2806;40612.42958;41383.06636;42762.45885;44003.60087;45020.05849;47206.62501;49103.14098;51519.53547;53995.39799;54923.67202;55787.36995;57336.0664;58283.07445;59002.60619;59450.55915;61602.6479;63148.11944;64039.19474;65044.5987;64171.88875
Oman;18420.73973;20461.28641;21715.12622;24185.51046;27034.25953;29608.39559;29143.30229;30365.16425;30176.34686;30344.74364;29309.79529;29854.21739;31039.74829;31654.09422;31862.44698;32750.34263;33416.03337;35404.12764;36449.89178;36385.094;37996.22377;39990.98846;39785.20331;38556.45777;38655.82376;39270.19439;40901.74143;43430.8963;48540.78592
Pakistan;2154.064978;2240.849687;2330.591998;2417.825129;2452.77981;2597.36164;2681.200702;2752.422613;2843.104043;2896.25165;2948.292349;3027.840973;3183.757096;3175.663396;3215.479303;3291.171845;3360.427092;3308.924216;3309.264157;3347.226572;3368.838533;3340.383147;3378.937279;3475.778086;3664.767556;3868.631716;4018.889816;4216.775161;4296.102346
Palau;17466.4636;15417.54665;15614.37178;15067.07205;15038.32775;13339.58809;13011.522;12638.73823;15043.77481;15378.84906;16108.05815;15130.01506;13799.3646;11774.41458;12285.77492;13249.26065;14226.84612;14159.23123;14074.05678;13015.51837;12813.73032;12796.72415;12220.90002;11972.6264;12485.76755;13104.2696;13426.57535;13635.62286;13425.85756
Panama;8627.06066;8801.579747;9102.576711;8981.870216;8761.491422;8987.666695;9094.927053;9135.271964;7560.257805;7383.604833;7576.209334;8098.523842;8595.012926;8882.75408;8989.163769;8986.848792;9027.25858;9237.74747;9422.021564;9551.286251;9617.295419;9501.879693;9552.446602;9805.230579;10370.63997;10906.83126;11635.9069;12814.65986;13861.66765
Papua New Guinea;1815.103386;1766.311877;1727.92145;1737.662772;1686.747047;1709.319996;1744.299832;1747.642665;1753.483112;1685.164382;1592.999249;1700.597172;1886.571381;2172.524273;2241.72725;2110.461929;2213.307687;2070.169669;1939.193495;1923.339342;1827.112171;1778.962682;1732.444386;1727.623156;1733.665785;1752.211151;1751.113026;1833.466558;1910.44456
Paraguay;6673.519447;7065.508738;6635.211724;6255.85969;6269.771453;6333.162827;6144.615991;6230.683207;6445.690616;6628.83607;6639.266164;6613.977572;6538.464815;6610.463122;6620.289159;6727.980069;6629.323093;6617.911508;6415.375111;6276.842404;6087.998143;6053.478397;5895.375942;5965.038235;6054.712156;6076.624122;6243.857417;6453.309624;6729.101354
Peru;7578.330935;7719.735666;7570.343782;6415.038728;6563.233559;6545.397166;7044.558724;7483.800637;6723.426713;5778.475636;5370.052512;5390.047577;5231.272481;5416.058151;6027.609481;6416.58941;6440.366656;6868.954316;6759.505722;6711.589748;6813.68647;6723.709724;6952.102086;7123.739199;7248.854716;7607.402164;8071.387818;8609.371958;9309.311633
Philippines;4157.876009;4196.790018;4244.892172;4227.543848;3829.303241;3467.438145;3502.715304;3570.413752;3726.623001;3867.777836;3892.08398;3782.888321;3716.660464;3716.906009;3797.381693;3886.838056;4018.907223;4136.067975;4027.31696;4081.250846;4237.738055;4225.404742;4322.585755;4447.33105;4642.979397;4780.91241;4932.641274;5155.864544;5263.762707
Poland;11484.8248;10775.2377;10581.1566;11000.04814;11305.95302;11325.79627;11598.16587;11370.93149;11583.40414;11372.63836;10231.32691;9480.260435;9688.932616;10025.77715;10534.36265;11251.41891;11917.48606;12719.60617;13416.38611;14033.20583;14624.12892;14805.76086;15026.5758;15615.37522;16458.55138;16993.1387;18059.32394;19300.66122;20295.36436
Portugal;15061.92218;15193.38161;15502.60895;15455.90193;15145.36536;15552.01745;16179.29267;17198.06078;18476.20905;19420.21375;20271.19175;21164.50809;21376.40589;20855.28617;20930.81646;21745.14148;22458.17355;23267.45523;24226.96694;25006.87897;25864.05446;26253.31514;26340.42137;26019.83499;26302.8787;26386.70578;26666.70389;27221.48198;27171.77638
Puerto Rico;20116.15052;20147.33745;19294.0632;19168.31375;20362.18504;20584.89461;22061.24936;22936.52462;24215.06635;25189.51619;25910.44632;26319.99252;27344.49751;28374.48064;29288.38807;30339.37555;30990.97527;31747.99004;32576.42346;33774.88144;34677.84068;35225.7289;35214.56194;35609.66559;36021.92501;36839.06964;36028.8065;35424.07556;34826.19331
Qatar;134653.1112;122516.3037;102058.2476;89794.2601;85138.20147;76621.06975;75166.38453;70740.01445;71208.71714;72676.54449;72972.91113;70392.272;77520.8462;75992.99252;76494.23706;77353.85413;78996.04628;99525.85682;106649.3133;107111.5929;111581.7662;111881.1353;116448.1019;114946.3845;125596.0675;118438.0709;126817.5337;125625.6063;125339.4583
Romania;15393.881;15212.8676;15157.54241;14988.82904;15552.25972;15480.21874;15690.0243;15301.07948;15207.79812;14668.79124;13068.70576;11402.98275;10412.53596;10581.94805;11009.08101;11814.60422;12310.72337;11593.12497;11059.51371;10943.95587;11188.01546;11838.32207;12443.39115;13067.15245;14193.63908;14792.52024;15982.54876;17010.99915;18290.68217
Russia;17482.6529;17536.48052;17858.05414;18312.22796;18412.9344;18452.62855;19084.11661;19208.20102;19502.01204;19737.68479;19176.38222;18177.51614;15531.19867;14180.93998;12375.62384;11864.38681;11450.99558;11630.52224;11033.03106;11775.87171;13010.14295;13741.09661;14468.89111;15617.10382;16834.98045;18004.12693;19553.66676;21282.02564;22398.85351
Rwanda;934.0905685;962.5754137;1005.811135;1029.754967;959.3393277;976.6379845;1003.875848;967.499328;905.3876355;897.1513584;867.9547392;808.8328571;840.9442881;753.9473928;436.3339024;663.3212903;710.7101587;673.0858773;734.4574893;773.0276574;803.2569865;838.5603356;896.3766065;883.1646773;896.5075595;927.5767695;995.2402429;1028.561928;1142.39124
Saint Kitts and Nevis;8325.328155;8462.649754;8369.27128;8329.009119;9245.166794;9902.548776;11151.94226;12233.70677;13452.54644;14552.29398;14888.7948;14870.31698;15217.9037;15995.09731;16594.5073;16949.95333;17817.87901;18812.59448;18743.56551;19172.43171;19738.88903;19867.94793;19824.43745;19664.11519;20895.64941;21613.36797;22176.16464;22795.36936;23222.52013
Saint Lucia;4441.50582;4492.403101;4564.861791;4755.977374;5012.398185;5307.552064;6097.878196;6154.947313;6908.875269;7293.43118;7392.912232;7332.26164;7767.485863;7697.955613;7754.285007;7763.979382;8224.93032;8128.522912;8573.072783;8694.71257;8579.194745;8032.843446;8176.554013;8434.701071;8778.490944;9175.258272;9943.018926;10050.32953;10507.43731
Saint Vincent and the Grenadines;3956.014741;4164.937024;4332.624473;4491.026872;4720.125922;4967.785105;5250.715105;5435.684053;6167.842584;6261.370168;6520.218331;6509.657574;6950.916723;6918.101146;6670.969689;6699.807354;6752.776165;7609.532813;7962.825141;8271.494933;8377.333093;8384.9037;8681.541278;8908.268078;9404.927451;9597.375748;10129.13671;10388.67762;10325.89176
Samoa;4150.13517;3765.605566;3719.299626;3728.542827;3768.42223;3904.167957;4102.924528;4103.020046;4020.735817;4143.474345;3933.330096;3815.211001;3778.388746;3900.938809;3767.621182;3975.611878;4219.766514;4206.033405;4258.167396;4342.107127;4607.938506;4940.621016;4996.604081;5119.6251;5257.093382;5487.859083;5584.846039;5662.480641;5880.369291
San Marino;30429.92508;30247.46799;29969.51434;29956.30035;30560.96389;31056.47482;31577.02464;32217.57442;33195.37302;33925.33195;34214.5944;34301.91656;34111.71657;36611.91345;38698.42641;41846.36073;43517.657;44267.87174;47257.78967;51018.63301;51349.6451;53120.99087;51953.15661;52589.23649;53722.60226;53928.01247;55241.17608;56643.66933;54401.3418
Sao Tome and Principe;2857.187592;2508.638304;2539.463908;2400.629315;2217.406273;2378.044835;2192.589934;2080.752883;2073.473191;2090.112221;2001.140907;1984.248062;1959.724474;1944.24213;1949.789002;1950.745494;1941.104178;1921.382832;1930.47472;1941.055324;1914.706721;1940.08703;1947.045432;2046.222747;2106.922594;2138.926531;2365.321882;2384.606327;2569.135976
Saudi Arabia;71941.9769;66923.15901;55108.44552;49196.09878;44275.08428;35985.0549;34873.07668;31785.74473;31724.78014;31896.91311;35238.9709;37221.01697;37762.39123;36720.44781;36073.24511;35424.78234;36077.47935;36600.20854;37204.12773;36290.05715;37065.72192;35936.03865;34442.84151;35620.91073;37089.75535;38410.13464;39462.33268;40949.53045;43641.39422
Senegal;1758.742837;1691.530795;1888.550292;1877.28499;1735.854614;1746.923097;1776.005935;1793.08395;1828.5836;1744.339736;1770.137901;1712.246353;1701.271521;1618.514004;1620.30487;1657.905582;1694.518086;1731.70386;1782.174947;1824.044848;1879.852773;1917.836526;1889.987124;1964.949726;2028.17885;2084.459672;2078.48159;2123.502367;2143.334424
Serbia;19834.79747;20066.69963;20083.78624;20142.95942;20540.21024;20597.85185;21334.27511;20996.33654;20609.69844;20259.60545;18711.319;17185.98698;12336.57424;8571.257161;8783.549132;9276.759846;9715.9254;10470.22901;10759.79863;8337.230049;8741.147607;9181.016212;9572.946521;9837.748614;10691.60648;11389.25367;11845.75337;12536.15005;13068.03688
Seychelles;11046.72983;10452.55778;10236.07746;10173.0008;10548.37899;11540.22811;11555.89441;11615.4868;12188.6231;13362.23219;14288.12015;14488.26398;15456.41832;16243.23718;15430.58408;15279.13897;16561.95175;18364.68643;18453.38195;18433.18689;19046.40674;18597.5564;18477.0194;17377.06989;16944.37959;18386.30443;19700.11354;21641.64135;20710.04648
Sierra Leone;2146.547551;2234.169959;2226.05487;2148.574691;2131.102071;2026.915385;1912.057385;1966.887776;1972.781041;1969.271324;1971.012958;1766.024092;1623.862828;1643.524292;1662.64496;1472.374857;1093.05987;873.1664941;848.513703;775.579888;786.5966014;879.3558445;1062.860765;1099.541297;1145.01364;1200.389354;1213.827228;1274.528104;1308.345065
Singapore;21216.16239;22235.43719;22818.96023;24468.80257;26042.76653;25628.80185;26200.69184;28373.38981;30902.71745;33073.85799;34813.69717;36078.76295;37261.3329;40676.41991;44080.84726;46322.60516;48039.5014;50423.32913;48014.59108;51117.8278;55410.64295;52516.15466;54189.53646;55695.65996;59866.1005;62396.83554;65012.16349;67202.84986;66345.57356
Slovak Republic;14119.28084;13996.25816;14231.48976;14411.48122;14716.16446;14800.54296;15048.30582;15095.17188;15404.78;15509.21579;15057.90163;12811.04015;11911.42442;12084.54478;12785.91947;13493.22568;14399.63309;15206.73483;15756.14579;15801.82718;15913.42082;16426.51194;17103.52474;17816.80263;18782.7888;19915.35232;21538.24319;23788.71006;25136.209
Slovenia;20576.87609;20817.4544;20835.18027;20896.56729;21308.68044;21368.47859;22132.45363;21781.87178;21380.76841;21017.5774;19411.36496;17609.47089;16576.41459;16979.0917;17818.20273;18491.88629;19116.0777;20012.33187;20696.59767;21764.22167;22622.84219;23284.28571;24092.56906;24726.30332;25787.21256;26825.98932;28313.44079;30178.36934;31201.06079
Solomon Islands;1328.318689;1455.44918;1445.808054;1589.542892;1555.855504;1519.465515;1766.009895;1757.408143;1770.707063;1861.979482;1842.615695;1898.416058;2078.853991;2100.240334;2228.530962;2344.19078;2315.617037;2219.352928;2197.258247;2127.640847;1775.512669;1573.727989;1507.979771;1564.212707;1647.160523;1686.81346;1713.932615;1781.612207;1864.450177
Somalia;839.5935113;869.0649867;890.2912981;796.3524653;833.9838207;920.2094395;898.345836;979.9172866;962.2036317;950.1004903;929.5530231;920.5598979;813.3761461;816.5902126;644.1165081;637.2628164;648.364272;612.6726642;606.8927716;604.9312098;603.1373495;602.9561118;606.7826224;611.4725895;613.6125436;615.824808;614.5824445;614.7686256;614.921582
South Africa;10068.36802;10274.78103;9914.704998;9430.781159;9600.498524;9187.672501;8972.085577;8937.683409;9091.346429;9072.998605;8790.900823;8520.270429;8173.955265;8102.85745;8219.824823;8362.020454;8607.42259;8719.803007;8644.118236;8735.857353;8990.433401;9132.629031;9364.2703;9538.574621;9875.715873;10297.71581;10774.75921;11267.85696;11577.47648
South Sudan;1939.666902;1916.009058;2087.870806;1995.535648;1828.98522;1647.593587;1661.92125;1660.806333;1646.04236;1734.208293;1547.89663;1606.861486;1643.599158;1646.682022;1634.086245;1639.273432;1678.943851;1797.819028;1851.13995;1936.58992;2064.160279;2129.331421;2195.653588;2288.338862;2341.569567;2477.189272;2657.408223;2888.332074;2903.839986
Spain;16740.05056;16709.49526;16904.66378;17240.82926;17410.31699;17684.62459;18187.09968;19136.75763;20093.48863;21067.75015;21928.59501;22423.84361;22581.84064;22304.83515;22799.9377;23394.0214;23925.36825;24818.08749;25896.79254;27052.91449;28417.07134;29402.29673;30147.21916;31031.91475;31994.22674;33102.43824;33927.47104;34477.79952;34236.41691
Sri Lanka;2522.964784;2638.853337;2726.187443;2827.724494;2930.226916;3013.490121;3119.436483;3104.472363;3140.863491;3179.389762;3340.417119;3454.280482;3562.628983;3757.50856;3913.075907;4076.694857;4184.634701;4407.471341;4569.184245;4720.656145;4958.657321;4839.271325;4987.918645;5238.066859;5475.599256;5758.130492;6151.401923;6518.3432;6852.409755
Sudan;1981.870687;1957.69809;2133.299251;2038.95504;1868.780764;1683.442364;1698.081771;1696.942597;1681.857384;1771.941655;1581.576174;1641.824003;1679.361023;1682.510964;1669.641125;1674.941176;1715.474755;1836.93645;1891.417542;1978.726755;2109.072823;2175.661977;2243.427199;2338.129144;2392.518057;2531.088611;2686.82711;2841.182819;2853.427133
Suriname;10370.90182;11008.4736;10397.15774;9816.616275;9465.810824;10623.20918;10307.7579;9448.438017;10173.68253;10547.64495;10057.76167;10227.20477;10247.94513;9647.747391;9264.224458;9450.145747;9470.336161;9587.669379;9782.662822;9451.972983;9738.535016;10227.10344;10413.33507;11057.20046;11801.75578;12408.83222;12975.73014;13484.57813;13851.74236
Swaziland;4560.961166;4720.729362;4847.975426;4707.499502;4636.996889;4751.468707;4745.494912;4959.307065;4620.80822;4713.829364;4632.872189;4537.856263;4421.89145;4431.888271;4556.133937;4693.914044;4755.472122;4824.807551;4879.094203;4965.123107;5004.588247;5036.087593;5137.621709;5235.549257;5334.315501;5456.079341;5550.77088;6251.915007;6373.310951
Sweden;26172.49403;26022.50078;26578.98665;26949.67878;28028.53794;28333.65378;29264.41081;30009.78998;30711.50485;31268.75362;30999.51864;29727.91796;29711.6281;29013.18715;30031.47665;31399.22462;31824.48444;32623.63446;33634.0934;34893.39247;36606.56513;36947.42519;37641.0668;38306.03496;39803.26144;40894.673;42449.49496;43574.88602;42899.25764
Switzerland;41498.72509;41889.9963;41015.38207;41014.18914;42070.4199;43282.79904;43724.50603;43736.46536;44732.87797;46263.48221;47483.13932;46518.2824;46032.6821;45518.6833;45639.95563;45540.5143;45625.66341;46413.68313;47719.61042;48167.56518;49665.68394;49929.24179;49801.52976;49371.59237;50354.89874;51302.23911;52912.89588;54581.89972;55146.27434
Syria;4793.282636;5070.733262;5000.442107;4898.03068;4540.460013;4660.66118;4290.152649;4237.931709;4656.611453;3750.37878;3808.523874;3990.902649;4399.105339;4497.693711;4692.720111;4894.230824;5246.394057;5384.751685;5620.044027;5290.670345;5187.929836;5232.106289;5474.268334;5340.634591;5546.072356;5738.022922;5888.475616;6093.623693;6245.846762
Taiwan;10697.80969;11226.62499;11566.40459;12565.84289;13670.65323;14037.5395;16125.60633;17595.33376;17932.57001;19439.01801;20432.46612;21995.56145;23207.46525;24595.21094;26090.58114;27307.0259;28866.44195;30612.51691;31878.69978;32852.32116;34204.65269;32911.68268;34259.09985;34839.8933;36032.2359;36824.59525;37661.04542;38760.85564;36526.29011
Tajikistan;4888.134289;4765.183479;4715.988338;4699.819407;4592.660973;4473.02183;4495.895797;4397.767489;4339.367075;4268.198171;4030.105735;3587.589553;2376.911117;1960.849746;1519.520934;1309.875721;1072.929313;1071.968554;1107.841283;1126.403908;1194.883031;1289.149809;1382.022289;1490.995549;1614.316178;1685.840176;1767.190369;1864.850626;1969.114958
Tanzania;1163.171038;1116.931887;1098.963734;1062.262092;1057.062032;1024.115228;1026.668726;1045.639152;1056.809625;1061.526006;1069.505255;1061.744175;1037.921357;1016.432008;994.198254;998.122136;1022.737406;992.0438919;1003.26961;1013.311102;1038.615639;1078.027635;1130.178218;1168.871439;1222.454422;1279.673482;1328.50989;1383.800654;1444.52116
Thailand;3572.839311;3711.98995;3839.340516;3983.007303;4142.15192;4266.419222;4434.486975;4784.944352;5342.710847;5910.088816;6480.675429;6943.058162;7406.690394;7925.04923;8530.102038;9199.813768;9627.530406;9389.117694;8316.333424;8608.600294;8949.194064;9073.999012;9486.274783;10063.51527;10620.23775;11019.644;11505.17028;12045.35465;12276.1492
Timor-Leste;905.025798;926.8710836;948.7163693;970.561655;992.4069406;1014.252226;1036.097512;1057.942798;1079.788083;1101.633369;1123.478655;1204.053783;1282.844464;1366.874305;1465.932805;1586.418768;1765.15382;1869.211723;1866.016448;1215.510218;1372.872506;1564.689646;1414.436083;1333.260375;1291.866066;1353.774947;1270.315413;1375.060406;1529.667412
Togo;2131.914138;1940.37526;1803.40081;1647.088964;1637.724897;1655.296126;1647.553333;1612.439728;1625.68577;1627.32918;1556.018621;1493.696274;1387.242351;1166.439006;1361.342431;1376.2043;1440.191056;1317.481839;1251.262703;1251.6022;1194.185571;1168.980018;1188.633877;1216.822492;1211.599022;1191.02051;1208.70533;1205.88174;1204.108942
Tonga;2589.225693;2962.674212;3433.168796;3680.153248;3787.318673;4064.104911;4156.591135;4270.09775;4165.340123;4152.219356;4038.915904;4268.936003;4251.00245;4381.586225;4573.181268;4689.993956;4741.840823;4630.028899;4741.177192;4928.40527;5103.476529;5249.422241;5310.233854;5461.195709;5505.167952;5363.267064;5100.367232;4958.197663;4963.449417
Trinidad and Tobago;15886.32799;16416.00092;15252.51725;13849.01624;14463.36203;13681.67082;13075.92803;12357.51546;11807.19968;11692.18707;11897.51177;12374.2917;12328.06774;12276.45648;12887.96512;13499.10496;14132.11124;14705.68043;15503.93777;16645.02803;17556.19669;18432.60805;19167.98667;21793.58169;23379.30936;25676.39787;28990.48769;30246.54742;31143.00998
Tunisia;4853.566954;4995.420681;4876.182005;5011.02776;5058.108093;5213.392501;5008.548542;5218.843007;5112.125968;5197.306083;5502.082211;5604.337423;5919.607319;5932.198316;6011.044717;6054.804121;6393.413093;6649.318676;6879.094109;7201.007401;7455.329543;7680.40778;7725.790229;8093.50058;8468.308128;8707.045123;9109.349433;9584.581145;9937.702309
Turkey;7889.524194;8581.930935;8383.466305;8593.938258;8856.047284;9221.00994;9613.700671;10411.56966;10479.02985;10156.05328;10723.61567;10620.55797;10974.70623;11627.3609;10911.35162;11588.16824;12250.71081;12976.03305;13072.91355;12443.08112;13090.29857;12166.18791;12732.94468;13217.17836;14258.46812;15251.65335;16093.18942;16633.60042;16536.88486
Turkmenistan;9565.489064;9342.755943;9264.018739;9249.946021;9056.361316;8837.342709;8899.553986;8721.990214;8622.655712;8497.48795;8038.846728;7471.451283;6205.877567;6162.34582;4988.360342;4535.343668;4743.987263;4121.677616;4329.937602;4949.152551;5153.028919;5265.277935;5262.065733;5517.99721;6214.791715;6652.470309;7265.800652;7942.117472;8969.848679
Turks and Caicos Islands;5989.741745;6349.168152;6692.257006;7040.981166;7428.761196;7871.470798;8379.113599;8938.915431;9556.544567;10202.41202;10750.85142;11225.97858;11611.63132;12229.4341;13054.75208;13316.72189;13961.71544;14439.92892;15428.66143;16100.40119;16098.77483;16304.76395;15544.18021;16045.28887;17012.75133;18733.5176;20689.99075;21457.88088;22430.59713
Tuvalu;2588.274656;2374.737996;1888.215042;1853.090821;1958.135584;1888.164015;1844.901784;1991.968519;2159.96772;2082.38634;2369.283753;2440.699557;2495.814312;2585.627669;2839.106248;2685.62537;2515.438706;2756.94536;3172.024081;3109.096494;3064.209833;3097.183526;3320.746089;3189.964086;3128.561025;2995.404267;3047.527959;3230.441115;3479.782322
Uganda;676.3187482;685.6380636;722.3737277;753.6946563;667.5889523;658.6067333;638.7033837;654.0377711;674.2282267;696.7988673;700.1770982;684.0352551;682.0388312;713.87054;733.76518;799.5542516;845.978959;864.5610821;879.5443461;916.725534;933.010716;949.2438957;982.2577347;992.7191235;1016.125971;1049.256633;1112.167287;1168.634116;1218.240748
Ukraine;9462.674728;9511.381343;9705.767265;9973.130562;10048.65429;10091.08163;10457.93943;10547.64084;10731.06047;10883.13488;10595.44156;9653.427057;8674.470636;7440.113453;5764.04408;5099.379211;4628.707382;4529.297856;4481.600264;4513.44824;4826.525799;5324.570063;5654.086693;6236.252805;7043.822362;7282.145422;7879.795919;8530.3908;8778.240536
United Arab Emirates;184563.1049;183060.4138;159736.1039;146347.3105;141191.7688;130649.977;101080.85;102184.3698;83383.05176;92869.72446;115747.5815;110532.4768;108272.7463;104047.3558;105690.9806;107273.8085;107774.9752;110426.4446;104936.7248;102752.2376;108909.0175;106704.1086;106186.2511;110549.4145;111543.925;103139.7986;96399.73745;83655.03772;73611.39027
United Kingdom;20196.56294;19919.88431;20360.52125;21089.05837;21616.61749;22337.36956;23180.35339;24186.69292;25353.766;25859.56607;25987.79134;25535.7537;25508.37574;26016.99341;27061.21583;27808.82469;28542.81785;29443.9941;30490.17093;31492.24334;32783.20942;33686.24236;34461.35946;35536.41263;36409.33143;36926.23904;37670.67199;38719.48726;38035.51058
United States;30009.87349;30460.57891;29602.78471;30563.96654;32507.33079;33466.89719;34305.3062;35197.02447;36345.59636;37250.23807;37478.91908;36884.81136;37615.29635;38188.98572;39275.64842;39799.92206;40810.81361;42121.15123;43444.53129;45021.77601;46366.01269;46405.04152;46810.24972;47588.87535;48785.71368;49822.56981;50655.96145;51136.37009;50484.28453
Uruguay;10505.40003;10650.17185;9583.202483;8966.669729;8816.358151;8891.053983;9619.692812;10320.16566;10257.79668;10321.49839;10339.56885;10564.49868;11268.21546;11538.16377;12086.72539;11764.06929;12265.01178;12782.14084;13280.43922;12832.75746;12591.14357;12092.44599;10700.43902;10876.05619;12096.328;12831.66071;13322.34124;14153.51266;15123.02716
Uzbekistan;3374.577465;3315.817366;3307.641236;3322.473657;3272.498559;3212.556654;3254.623194;3208.864979;3191.392862;3163.975821;3011.200834;2923.418254;2541.527375;2434.100481;2265.104987;2206.910694;2208.410352;2286.142208;2348.820291;2413.330364;2470.100082;2540.255789;2604.661455;2675.496678;2834.729305;2983.367035;3165.051521;3413.682258;3668.786096
Vanuatu;1920.06598;1949.417766;2105.831838;2495.378513;2605.569311;2573.381633;2462.448082;2415.133315;2370.689908;2390.205098;2437.633605;2655.499816;2557.867389;2593.981801;2586.585237;2641.208107;2770.557003;2852.801345;2923.782691;2778.987888;2794.654638;2655.936569;2402.641642;2414.9617;2481.422248;2582.808194;2738.724529;2816.043871;2930.757224
Venezuela;18292.74174;17696.38821;16826.05845;15151.88924;14333.78371;13984.24589;14200.11062;14911.734;15616.21708;14222.89451;14636.47888;15454.50617;16194.67628;15894.3021;14954.71045;14989.92422;14673.27792;15337.06297;15109.26364;13948.62847;14233.78711;14490.69928;12982.75766;11784.70396;13761.84329;14900.29076;16154.42799;17279.83464;17897.12909
Vietnam;1051.682224;1065.163847;1126.333782;1161.799444;1237.537009;1282.380186;1289.876826;1307.19367;1355.96583;1383.637681;1423.588313;1476.509049;1575.104378;1671.201673;1786.360159;1924.071684;2070.968279;2207.159732;2302.804642;2381.917709;2512.354956;2654.055698;2810.048927;2981.534254;3180.185872;3411.319121;3645.971658;3907.890074;4105.260597
West Bank and Gaza;4129.345436;3801.124304;3998.750408;3723.691854;3799.968596;3656.660778;4227.580634;3987.193326;3856.598299;3778.01014;4359.33137;3902.826627;4593.940137;4853.974484;5242.292443;5313.946352;5228.423944;5631.76611;6095.205102;6403.779195;5840.949296;4807.746156;4174.418056;4278.431795;4390.535492;4506.106313;4192.888252;4014.595683;3563.819118
Yemen, Rep.;3468.894854;3579.045942;3538.350704;3636.10361;3668.564281;3531.655531;3499.337358;3527.94535;3560.411268;3563.433426;3441.27073;3482.3187;3578.46572;3535.718231;3597.808126;3644.456472;3676.190274;3746.011554;3856.857495;3891.743985;4017.478011;4052.916346;4094.086101;4129.476579;4177.198503;4295.366582;4319.576782;4354.107118;4420.095163
Zambia;3799.940051;3647.195837;3617.520431;3605.306032;3471.469889;3363.407925;3347.478877;3336.473649;3301.989668;3239.492847;3175.467156;3033.133155;2906.940006;3029.112255;2700.379967;2566.044175;2662.784282;2675.777542;2554.361298;2542.098137;2566.240432;2627.847604;2652.791586;2705.229373;2807.201633;2884.295873;2988.231234;3096.236421;3196.337329
Zimbabwe;2430.351256;2632.912168;2598.226174;2536.482908;2392.092785;2462.243929;2423.288945;2364.214873;2457.911065;2505.514604;2603.666325;2678.250487;2381.710073;2357.475821;2526.105071;2484.294264;2693.834818;2720.188358;2756.63553;2699.822791;2592.337035;2612.292971;2369.758292;1962.021223;1845.172303;1737.391864;1675.443763;1612.225793;1322.806335